[
null,
{"id":1,"list":[{"code":121,"indent":0,"parameters":[5,5,0]},{"code":0,"indent":0,"parameters":[]}],"name":"开始钓鱼","switchId":5,"trigger":1},
{"id":2,"list":[{"code":121,"indent":0,"parameters":[14,14,0]},{"code":0,"indent":0,"parameters":[]}],"name":"魔女出现","switchId":1,"trigger":0},
{"id":3,"list":[{"code":121,"indent":0,"parameters":[15,15,0]},{"code":121,"indent":0,"parameters":[16,16,0]},{"code":0,"indent":0,"parameters":[]}],"name":"两个人倒地","switchId":1,"trigger":0},
{"id":4,"list":[{"code":101,"indent":0,"parameters":["",0,0,2,""]},{"code":401,"indent":0,"parameters":["传送开始"]},{"code":212,"indent":0,"parameters":[0,44,false]},{"code":201,"indent":0,"parameters":[0,7,19,39,0,0]},{"code":0,"indent":0,"parameters":[]}],"name":"传送卷轴","switchId":1,"trigger":0},
{"id":5,"list":[{"code":122,"indent":0,"parameters":[47,47,0,0,0]},{"code":111,"indent":0,"parameters":[0,21,0]},{"code":122,"indent":1,"parameters":[47,47,1,0,1]},{"code":0,"indent":1,"parameters":[]},{"code":412,"indent":0,"parameters":[]},{"code":111,"indent":0,"parameters":[0,22,0]},{"code":122,"indent":1,"parameters":[47,47,1,0,1]},{"code":0,"indent":1,"parameters":[]},{"code":412,"indent":0,"parameters":[]},{"code":111,"indent":0,"parameters":[0,23,0]},{"code":122,"indent":1,"parameters":[47,47,1,0,1]},{"code":0,"indent":1,"parameters":[]},{"code":412,"indent":0,"parameters":[]},{"code":111,"indent":0,"parameters":[0,24,0]},{"code":122,"indent":1,"parameters":[47,47,1,0,1]},{"code":0,"indent":1,"parameters":[]},{"code":412,"indent":0,"parameters":[]},{"code":111,"indent":0,"parameters":[0,25,0]},{"code":122,"indent":1,"parameters":[47,47,1,0,1]},{"code":0,"indent":1,"parameters":[]},{"code":412,"indent":0,"parameters":[]},{"code":111,"indent":0,"parameters":[0,26,0]},{"code":122,"indent":1,"parameters":[47,47,1,0,1]},{"code":0,"indent":1,"parameters":[]},{"code":412,"indent":0,"parameters":[]},{"code":111,"indent":0,"parameters":[0,27,0]},{"code":122,"indent":1,"parameters":[47,47,1,0,1]},{"code":0,"indent":1,"parameters":[]},{"code":412,"indent":0,"parameters":[]},{"code":111,"indent":0,"parameters":[0,28,0]},{"code":122,"indent":1,"parameters":[47,47,1,0,1]},{"code":0,"indent":1,"parameters":[]},{"code":412,"indent":0,"parameters":[]},{"code":111,"indent":0,"parameters":[0,29,0]},{"code":122,"indent":1,"parameters":[47,47,1,0,1]},{"code":0,"indent":1,"parameters":[]},{"code":412,"indent":0,"parameters":[]},{"code":111,"indent":0,"parameters":[0,30,0]},{"code":122,"indent":1,"parameters":[47,47,1,0,1]},{"code":0,"indent":1,"parameters":[]},{"code":412,"indent":0,"parameters":[]},{"code":111,"indent":0,"parameters":[0,31,0]},{"code":122,"indent":1,"parameters":[47,47,1,0,1]},{"code":0,"indent":1,"parameters":[]},{"code":412,"indent":0,"parameters":[]},{"code":111,"indent":0,"parameters":[0,32,0]},{"code":122,"indent":1,"parameters":[47,47,1,0,1]},{"code":0,"indent":1,"parameters":[]},{"code":412,"indent":0,"parameters":[]},{"code":111,"indent":0,"parameters":[0,33,0]},{"code":122,"indent":1,"parameters":[47,47,1,0,1]},{"code":0,"indent":1,"parameters":[]},{"code":412,"indent":0,"parameters":[]},{"code":111,"indent":0,"parameters":[0,34,0]},{"code":122,"indent":1,"parameters":[47,47,1,0,1]},{"code":0,"indent":1,"parameters":[]},{"code":412,"indent":0,"parameters":[]},{"code":111,"indent":0,"parameters":[0,35,0]},{"code":122,"indent":1,"parameters":[47,47,1,0,1]},{"code":0,"indent":1,"parameters":[]},{"code":412,"indent":0,"parameters":[]},{"code":111,"indent":0,"parameters":[0,36,0]},{"code":122,"indent":1,"parameters":[47,47,1,0,1]},{"code":0,"indent":1,"parameters":[]},{"code":412,"indent":0,"parameters":[]},{"code":111,"indent":0,"parameters":[1,47,0,4,0]},{"code":250,"indent":1,"parameters":[{"name":"Starlight","volume":90,"pitch":100,"pan":0}]},{"code":121,"indent":1,"parameters":[37,37,0]},{"code":0,"indent":1,"parameters":[]},{"code":412,"indent":0,"parameters":[]},{"code":122,"indent":0,"parameters":[47,47,0,0,0]},{"code":0,"indent":0,"parameters":[]}],"name":"四个目标","switchId":1,"trigger":0},
{"id":6,"list":[{"code":101,"indent":0,"parameters":["",0,0,2,""]},{"code":401,"indent":0,"parameters":["学会了 阿仔猛击！"]},{"code":101,"indent":0,"parameters":["姐姐盔甲",0,0,2,"姐姐"]},{"code":401,"indent":0,"parameters":["学会技能了！我得赶紧去收集剩下的神器"]},{"code":101,"indent":0,"parameters":["姐姐盔甲",0,0,2,"姐姐"]},{"code":401,"indent":0,"parameters":[" 接下来去东边叭"]},{"code":0,"indent":0,"parameters":[]}],"name":"学会技能1","switchId":1,"trigger":0},
{"id":7,"list":[{"code":122,"indent":0,"parameters":[48,48,0,0,0]},{"code":121,"indent":0,"parameters":[39,39,0]},{"code":111,"indent":0,"parameters":[0,46,0]},{"code":122,"indent":1,"parameters":[48,48,1,0,1]},{"code":121,"indent":1,"parameters":[39,39,1]},{"code":121,"indent":1,"parameters":[40,40,0]},{"code":0,"indent":1,"parameters":[]},{"code":412,"indent":0,"parameters":[]},{"code":111,"indent":0,"parameters":[0,47,0]},{"code":122,"indent":1,"parameters":[48,48,1,0,1]},{"code":121,"indent":1,"parameters":[40,40,1]},{"code":121,"indent":1,"parameters":[41,41,0]},{"code":0,"indent":1,"parameters":[]},{"code":412,"indent":0,"parameters":[]},{"code":111,"indent":0,"parameters":[0,48,0]},{"code":122,"indent":1,"parameters":[48,48,1,0,1]},{"code":121,"indent":1,"parameters":[41,41,1]},{"code":121,"indent":1,"parameters":[42,42,0]},{"code":0,"indent":1,"parameters":[]},{"code":412,"indent":0,"parameters":[]},{"code":111,"indent":0,"parameters":[0,49,0]},{"code":122,"indent":1,"parameters":[48,48,1,0,1]},{"code":121,"indent":1,"parameters":[42,42,1]},{"code":121,"indent":1,"parameters":[43,43,0]},{"code":0,"indent":1,"parameters":[]},{"code":412,"indent":0,"parameters":[]},{"code":111,"indent":0,"parameters":[0,50,0]},{"code":122,"indent":1,"parameters":[48,48,1,0,1]},{"code":121,"indent":1,"parameters":[43,43,1]},{"code":121,"indent":1,"parameters":[44,44,0]},{"code":0,"indent":1,"parameters":[]},{"code":412,"indent":0,"parameters":[]},{"code":111,"indent":0,"parameters":[0,51,0]},{"code":122,"indent":1,"parameters":[48,48,1,0,1]},{"code":121,"indent":1,"parameters":[44,44,1]},{"code":121,"indent":1,"parameters":[52,52,0]},{"code":0,"indent":1,"parameters":[]},{"code":412,"indent":0,"parameters":[]},{"code":111,"indent":0,"parameters":[0,52,0]},{"code":122,"indent":1,"parameters":[48,48,1,0,1]},{"code":121,"indent":1,"parameters":[45,45,1]},{"code":0,"indent":1,"parameters":[]},{"code":412,"indent":0,"parameters":[]},{"code":111,"indent":0,"parameters":[1,48,0,7,0]},{"code":250,"indent":1,"parameters":[{"name":"Starlight","volume":90,"pitch":100,"pan":0}]},{"code":121,"indent":1,"parameters":[53,53,0]},{"code":0,"indent":1,"parameters":[]},{"code":412,"indent":0,"parameters":[]},{"code":0,"indent":0,"parameters":[]}],"name":"地图显示","switchId":1,"trigger":0},
{"id":8,"list":[{"code":0,"indent":0,"parameters":[]}],"name":"","switchId":1,"trigger":0},
{"id":9,"list":[{"code":0,"indent":0,"parameters":[]}],"name":"","switchId":1,"trigger":0},
{"id":10,"list":[{"code":121,"indent":0,"parameters":[46,50,0]},{"code":117,"indent":0,"parameters":[7]},{"code":0,"indent":0,"parameters":[]}],"name":"作弊","switchId":1,"trigger":0}
]