{
"autoplayBgm":false,"autoplayBgs":false,"battleback1Name":"","battleback2Name":"","bgm":{"name":"","pan":0,"pitch":100,"volume":90},"bgs":{"name":"","pan":0,"pitch":100,"volume":90},"disableDashing":false,"displayName":"","encounterList":[],"encounterStep":30,"height":13,"note":"","parallaxLoopX":false,"parallaxLoopY":false,"parallaxName":"","parallaxShow":true,"parallaxSx":0,"parallaxSy":0,"scrollType":0,"specifyBattleback":false,"tilesetId":1,"width":17,
"data":[0,0,0,0,0,0,0,0,0,0,0,0,0,0,0,0,0,0,0,0,0,0,0,0,0,0,0,0,0,0,0,0,0,0,0,0,0,0,0,0,0,0,0,0,0,0,0,0,0,0,0,0,0,0,0,0,0,0,0,0,0,0,0,0,0,0,0,0,0,0,0,0,0,0,0,0,0,0,0,0,0,0,0,0,0,0,0,0,0,0,0,0,0,0,0,0,0,0,0,0,0,0,0,0,0,0,0,0,0,0,0,0,0,0,0,0,0,0,0,0,0,0,0,0,0,0,0,0,0,0,0,0,0,0,0,0,0,0,0,0,0,0,0,0,0,0,0,0,0,0,0,0,0,0,0,0,0,0,0,0,0,0,0,0,0,0,0,0,0,0,0,0,0,0,0,0,0,0,0,0,0,0,0,0,0,0,0,0,0,0,0,0,0,0,0,0,0,0,0,0,0,0,0,0,0,0,0,0,0,0,0,0,0,0,0,0,0,0,0,0,0,0,0,0,0,0,0,0,0,0,0,0,0,0,0,0,0,0,0,0,0,0,0,0,0,0,0,0,0,0,0,0,0,0,0,0,0,0,0,0,0,0,0,0,0,0,0,0,0,0,0,0,0,0,0,0,0,0,0,0,0,0,0,0,0,0,0,0,0,0,0,0,0,0,0,0,0,0,0,0,0,0,0,0,0,0,0,0,0,0,0,0,0,0,0,0,0,0,0,0,0,0,0,0,0,0,0,0,0,0,0,0,0,0,0,0,0,0,0,0,0,0,0,0,0,0,0,0,0,0,0,0,0,0,0,0,0,0,0,0,0,0,0,0,0,0,0,0,0,0,0,0,0,0,0,0,0,0,0,0,0,0,0,0,0,0,0,0,0,0,0,0,0,0,0,0,0,0,0,0,0,0,0,0,0,0,0,0,0,0,0,0,0,0,0,0,0,0,0,0,0,0,0,0,0,0,0,0,0,0,0,0,0,0,0,0,0,0,0,0,0,0,0,0,0,0,0,0,0,0,0,0,0,0,0,0,0,0,0,0,0,0,0,0,0,0,0,0,0,0,0,0,0,0,0,0,0,0,0,0,0,0,0,0,0,0,0,0,0,0,0,0,0,0,0,0,0,0,0,0,0,0,0,0,0,0,0,0,0,0,0,0,0,0,0,0,0,0,0,0,0,0,0,0,0,0,0,0,0,0,0,0,0,0,0,0,0,0,0,0,0,0,0,0,0,0,0,0,0,0,0,0,0,0,0,0,0,0,0,0,0,0,0,0,0,0,0,0,0,0,0,0,0,0,0,0,0,0,0,0,0,0,0,0,0,0,0,0,0,0,0,0,0,0,0,0,0,0,0,0,0,0,0,0,0,0,0,0,0,0,0,0,0,0,0,0,0,0,0,0,0,0,0,0,0,0,0,0,0,0,0,0,0,0,0,0,0,0,0,0,0,0,0,0,0,0,0,0,0,0,0,0,0,0,0,0,0,0,0,0,0,0,0,0,0,0,0,0,0,0,0,0,0,0,0,0,0,0,0,0,0,0,0,0,0,0,0,0,0,0,0,0,0,0,0,0,0,0,0,0,0,0,0,0,0,0,0,0,0,0,0,0,0,0,0,0,0,0,0,0,0,0,0,0,0,0,0,0,0,0,0,0,0,0,0,0,0,0,0,0,0,0,0,0,0,0,0,0,0,0,0,0,0,0,0,0,0,0,0,0,0,0,0,0,0,0,0,0,0,0,0,0,0,0,0,0,0,0,0,0,0,0,0,0,0,0,0,0,0,0,0,0,0,0,0,0,0,0,0,0,0,0,0,0,0,0,0,0,0,0,0,0,0,0,0,0,0,0,0,0,0,0,0,0,0,0,0,0,0,0,0,0,0,0,0,0,0,0,0,0,0,0,0,0,0,0,0,0,0,0,0,0,0,0,0,0,0,0,0,0,0,0,0,0,0,0,0,0,0,0,0,0,0,0,0,0,0,0,0,0,0,0,0,0,0,0,0,0,0,0,0,0,0,0,0,0,0,0,0,0,0,0,0,0,0,0,0,0,0,0,0,0,0,0,0,0,0,0,0,0,0,0,0,0,0,0,0,0,0,0,0,0,0,0,0,0,0,0,0,0,0,0,0,0,0,0,0,0,0,0,0,0,0,0,0,0,0,0,0,0,0,0,0,0,0,0,0,0,0,0,0,0,0,0,0,0,0,0,0,0,0,0,0,0,0,0,0,0,0,0,0,0,0,0,0,0,0,0,0,0,0,0,0,0,0,0,0,0,0,0,0,0,0,0,0,0,0,0,0,0,0,0,0,0,0,0,0,0,0,0,0,0,0,0,0,0,0,0,0,0,0,0,0,0,0,0,0,0,0,0,0,0,0,0,0,0,0,0,0,0,0,0,0,0,0,0,0,0,0,0,0,0,0,0,0,0,0,0,0,0,0,0,0,0,0,0,0,0,0,0,0,0,0,0,0,0,0,0,0,0,0,0,0,0,0,0,0,0,0,0,0,0,0,0,0,0,0,0,0,0,0,0,0,0,0,0,0,0,0,0,0,0,0,0,0,0,0,0,0,0,0,0,0,0,0,0,0,0,0,0,0,0,0,0,0,0,0,0,0,0,0,0,0,0,0,0,0,0,0,0,0,0,0,0,0,0,0,0,0,0,0,0,0,0,0,0,0,0,0,0,0,0,0,0,0,0,0,0,0,0,0,0,0,0,0,0,0,0,0,0,0,0,0,0,0,0,0,0,0,0,0,0,0,0,0,0,0,0,0,0,0,0,0,0,0,0,0,0,0,0,0,0,0,0,0,0,0,0,0,0,0,0,0,0,0,0,0,0,0,0,0,0,0,0,0,0,0,0,0,0,0,0,0,0,0,0,0,0,0,0,0,0,0,0,0,0,0,0,0,0,0,0,0,0,0,0,0,0,0,0,0,0,0,0,0,0,0,0,0,0,0,0,0,0,0,0,0,0,0,0,0,0,0,0,0,0],
"events":[
null,
{"id":1,"name":"EV001","note":"","pages":[{"conditions":{"actorId":1,"actorValid":false,"itemId":1,"itemValid":false,"selfSwitchCh":"A","selfSwitchValid":false,"switch1Id":1,"switch1Valid":false,"switch2Id":1,"switch2Valid":false,"variableId":1,"variableValid":false,"variableValue":0},"directionFix":false,"image":{"characterIndex":0,"characterName":"","direction":2,"pattern":0,"tileId":0},"list":[{"code":105,"indent":0,"parameters":[1,false]},{"code":405,"indent":0,"parameters":["                            给姐姐的第十四封信"]},{"code":405,"indent":0,"parameters":["    大一的时候，我接了一通电话，一通改变了我以后所有生活的电"]},{"code":405,"indent":0,"parameters":["话，当时我和朋友在小葵值班。李奇虎给我打了电话，问我想不想当"]},{"code":405,"indent":0,"parameters":["宣传部副部长。那时我想着加分，但是又怕事情多，所以先蛮答应然"]},{"code":405,"indent":0,"parameters":["后准备去问问上一届学长学姐。现在想想，当时的我真是做了一个好"]},{"code":405,"indent":0,"parameters":["决定，虽然工作确实会很忙，但是我真的学到了很多，变得更外向，"]},{"code":405,"indent":0,"parameters":["学会了ps也很有用处；更何况，还有一个美丽善良的部长带领我们，"]},{"code":405,"indent":0,"parameters":["嘿嘿，就是我现在的女朋友。女朋友现在应该在看这篇文章吧，哈哈"]},{"code":405,"indent":0,"parameters":["哈，姐姐，你特别特别漂亮，还特别特别善良，有责任心，喜欢小动"]},{"code":405,"indent":0,"parameters":["物…哇，优点都数不完，宝宝能有这样的女朋友真的是上辈子拯救了"]},{"code":405,"indent":0,"parameters":["太阳系叭。但是其实我在第一次扫楼和演讲的时候没有怎么注意姐姐"]},{"code":405,"indent":0,"parameters":["的样子，宝宝有点脸盲，真的不大记得住相貌，只记得部长的声音软"]},{"code":405,"indent":0,"parameters":["软的很可爱很好听。后来和她开始聊天，了解到她喜欢小动物，逐渐"]},{"code":405,"indent":0,"parameters":["逐渐了解更多的她，我发现我已经一发不可收拾地喜欢上了她。然后"]},{"code":405,"indent":0,"parameters":["我们第一次给对方起昵称，第一次去星语湖，第一次一起去吃饭去"]},{"code":405,"indent":0,"parameters":["玩，第一次讲睡前故事，第一次打通宵的电话，一个又一个和那个可"]},{"code":405,"indent":0,"parameters":["爱的女孩的第一次，让我愈发喜欢上这个女孩。终于，我表白了，很"]},{"code":405,"indent":0,"parameters":["突然，被拒绝也是果然。然后在宝宝不懈努力下，终于，在第二次表"]},{"code":405,"indent":0,"parameters":["白的时候，那个女孩答应了，我很开心，姐姐，谢谢姐姐！就这样，"]},{"code":405,"indent":0,"parameters":["她成为了我的女朋友，我的宝贝，我的姐姐，我生命中最珍视的一个"]},{"code":405,"indent":0,"parameters":["人。"]},{"code":405,"indent":0,"parameters":["    "]},{"code":405,"indent":0,"parameters":[""]},{"code":405,"indent":0,"parameters":[""]},{"code":405,"indent":0,"parameters":["    由此，宝宝和姐姐的故事进入了新的一章。和姐姐在一起的日子"]},{"code":405,"indent":0,"parameters":["很美好，虽然开始的我不够自信，经常否定自己，也缺乏安全感，会"]},{"code":405,"indent":0,"parameters":["一遍又一遍和姐姐确认爱意，而姐姐总是会一遍又一遍耐心的回应贴"]},{"code":405,"indent":0,"parameters":["心的安慰。在我的印象里，第一个说我爱你的是姐姐，我在看到那条"]},{"code":405,"indent":0,"parameters":["信息的时候很开心，特别特别开心，人在床上，心却要飘到九重天上"]},{"code":405,"indent":0,"parameters":["去了，心跳得很快，几乎被幸福淹没，姐姐，我爱你。我们一起做各"]},{"code":405,"indent":0,"parameters":["种手工（宝宝以前没有做过的）、看电影、吃好吃的、准备惊喜的礼"]},{"code":405,"indent":0,"parameters":["物（宝宝笨笨的老是被发现）、玩游戏、喝酒、散步、拥抱、亲吻…"]},{"code":405,"indent":0,"parameters":["宝宝发现，姐姐是一个好神奇的女孩，有姐姐在的话，无论什么都很"]},{"code":405,"indent":0,"parameters":["有趣，什么都很美好，和姐姐在一起的时间越长，我也愈发笃定我非"]},{"code":405,"indent":0,"parameters":["姐姐莫属。"]},{"code":405,"indent":0,"parameters":[""]},{"code":405,"indent":0,"parameters":[""]},{"code":405,"indent":0,"parameters":[""]},{"code":405,"indent":0,"parameters":[""]},{"code":405,"indent":0,"parameters":["    宝宝偶尔会想，我们好像是天生一对，虽然有一丢丢差异，但是"]},{"code":405,"indent":0,"parameters":["我们会有一些一样的爱好，无论做什么都有一种独特的默契，好像我"]},{"code":405,"indent":0,"parameters":["们很多年前就认识就熟识一般。我们的故事就像正在绘制的画卷，过"]},{"code":405,"indent":0,"parameters":["去的365天就是我们画布上小小的一块，我相信我们一定可以将这块"]},{"code":405,"indent":0,"parameters":["画布涂抹上更多更鲜艳的颜色，留下更美丽的风景。"]},{"code":405,"indent":0,"parameters":[""]},{"code":405,"indent":0,"parameters":[""]},{"code":405,"indent":0,"parameters":[""]},{"code":405,"indent":0,"parameters":["    矛盾只能困住你我，不能困住我们。这一年里，我们经历了许多"]},{"code":405,"indent":0,"parameters":["次吵吵闹闹，但好在是我们战胜了矛盾。我知道是姐姐的耐心和执着"]},{"code":405,"indent":0,"parameters":["的爱包容着我，也知道是姐姐一次又一次教导着我，更知道姐姐的自"]},{"code":405,"indent":0,"parameters":["信和勇敢在慢慢感化着敏感的我，所以啊，谢谢姐姐来爱我。我的这"]},{"code":405,"indent":0,"parameters":["段人生经历，充满了波折，所以在面对姐姐热烈的爱时，我会小心地"]},{"code":405,"indent":0,"parameters":["渴望着你会愈加无限地爱我。我深知亲密的关系需要更加坦诚的态度"]},{"code":405,"indent":0,"parameters":["来建立，但值得庆幸的是，姐姐永远是那么的赤诚和坚定。"]},{"code":405,"indent":0,"parameters":[""]},{"code":405,"indent":0,"parameters":[""]},{"code":405,"indent":0,"parameters":[""]},{"code":405,"indent":0,"parameters":["    前些日子，我站在被落叶铺满的街道旁，暗黄的灯光，让我想起"]},{"code":405,"indent":0,"parameters":["姐姐，我突然察觉这一年过得太快太快了，我抱着顺其自然的心态，"]},{"code":405,"indent":0,"parameters":["又偷偷想着和姐姐会有完美的答案，不知道你是不是这样想的呢？我"]},{"code":405,"indent":0,"parameters":["的手机记录了无数次我们相爱的画面，我的脑海留存着许多我们刚刚"]},{"code":405,"indent":0,"parameters":["好的时刻。也许爱只存在这些中的某个瞬间，但我依然有千千万万次"]},{"code":405,"indent":0,"parameters":["爱，爱是无解的命题，唯我们携手同行是有解的答卷。姐姐，爱是稳"]},{"code":405,"indent":0,"parameters":["稳的幸福，慢慢的前行，宝宝希望我们都能对彼此充满信心，对未来"]},{"code":405,"indent":0,"parameters":["抱有希望，一起努力，去得到完美的结果。"]},{"code":405,"indent":0,"parameters":["  姐姐，一周年快乐"]},{"code":405,"indent":0,"parameters":["  我爱你"]},{"code":405,"indent":0,"parameters":["  也会一直一直爱你"]},{"code":405,"indent":0,"parameters":["                                               爱你的宝宝狗"]},{"code":405,"indent":0,"parameters":[""]},{"code":405,"indent":0,"parameters":["  "]},{"code":353,"indent":0,"parameters":[]},{"code":0,"indent":0,"parameters":[]}],"moveFrequency":3,"moveRoute":{"list":[{"code":0,"parameters":[]}],"repeat":true,"skippable":false,"wait":false},"moveSpeed":3,"moveType":0,"priorityType":0,"stepAnime":false,"through":false,"trigger":3,"walkAnime":true}],"x":8,"y":5},
{"id":2,"name":"EV002","note":"","pages":[{"conditions":{"actorId":1,"actorValid":false,"itemId":1,"itemValid":false,"selfSwitchCh":"A","selfSwitchValid":false,"switch1Id":1,"switch1Valid":false,"switch2Id":1,"switch2Valid":false,"variableId":1,"variableValid":false,"variableValue":0},"directionFix":true,"image":{"tileId":0,"characterName":"宝宝平时行走","direction":8,"pattern":1,"characterIndex":0},"list":[{"code":0,"indent":0,"parameters":[]}],"moveFrequency":3,"moveRoute":{"list":[{"code":0,"parameters":[]}],"repeat":true,"skippable":false,"wait":false},"moveSpeed":3,"moveType":0,"priorityType":1,"stepAnime":false,"through":false,"trigger":0,"walkAnime":false}],"x":8,"y":6}
]
}