[
null,
{"id":1,"expanded":true,"name":"大型民居 1楼","order":3,"parentId":0,"scrollX":1058.25,"scrollY":713.25},
{"id":2,"expanded":false,"name":"西边的路","order":1,"parentId":0,"scrollX":1070.25,"scrollY":824.25},
{"id":3,"expanded":false,"name":"大型民居 2楼","order":4,"parentId":0,"scrollX":1058.25,"scrollY":713.25},
{"id":4,"expanded":true,"name":"主城西边","order":2,"parentId":0,"scrollX":1058.25,"scrollY":713.25},
{"id":5,"expanded":false,"name":"普通小镇","order":5,"parentId":0,"scrollX":1058.25,"scrollY":723.75},
{"id":6,"expanded":false,"name":"小村民居 1楼","order":6,"parentId":0,"scrollX":1058.25,"scrollY":713.25},
{"id":7,"expanded":true,"name":"魔王城","order":7,"parentId":0,"scrollX":1058.25,"scrollY":1176.75},
{"id":8,"expanded":true,"name":"普通小镇02","order":11,"parentId":0,"scrollX":1058.25,"scrollY":1055.25},
{"id":9,"expanded":true,"name":"西边的路02","order":12,"parentId":0,"scrollX":1058.25,"scrollY":1100.25},
{"id":10,"expanded":true,"name":"主城西边02","order":14,"parentId":0,"scrollX":1058.25,"scrollY":726.75},
{"id":11,"expanded":false,"name":"塔楼","order":16,"parentId":0,"scrollX":1058.25,"scrollY":822.75},
{"id":12,"expanded":false,"name":"北边的路","order":15,"parentId":0,"scrollX":1058.25,"scrollY":822.75},
{"id":13,"expanded":false,"name":"塔 1楼","order":17,"parentId":0,"scrollX":1229.25,"scrollY":1656.75},
{"id":14,"expanded":false,"name":"迷失森林","order":18,"parentId":0,"scrollX":1217.25,"scrollY":1650.75},
{"id":15,"expanded":false,"name":"矿山都市","order":20,"parentId":0,"scrollX":1058.25,"scrollY":720.75},
{"id":16,"expanded":false,"name":"矿场","order":19,"parentId":0,"scrollX":1070.25,"scrollY":816.75},
{"id":17,"expanded":false,"name":"西边的路03","order":13,"parentId":0,"scrollX":1058.25,"scrollY":860.25},
{"id":18,"expanded":false,"name":"魔王城 1楼","order":8,"parentId":7,"scrollX":1077.75,"scrollY":1329.75},
{"id":19,"expanded":false,"name":"魔王城 2楼","order":10,"parentId":0,"scrollX":1089.75,"scrollY":1095.75},
{"id":20,"expanded":false,"name":"魔王城 3楼","order":9,"parentId":7,"scrollX":1058.25,"scrollY":1214.25},
{"id":21,"expanded":true,"name":"大型民居 1楼3","order":21,"parentId":0,"scrollX":1058.25,"scrollY":701.25},
{"id":22,"expanded":true,"name":"大型民居 1楼2","order":22,"parentId":0,"scrollX":1216.5,"scrollY":720.75},
{"id":23,"expanded":false,"name":"MAP023","order":23,"parentId":0,"scrollX":1216.5,"scrollY":720.75}
]