{"identity":"CharacterGeneratorSettings","version":"2.0.0","gender":"female","patterns":{"body":"p01","face":"p01","fronthair":"p18","rearhair":"p07","ears":"p01","eyes":"p21","eyebrows":"p10","nose":"p11","mouth":"p01","clothing":"p01","acca":"p03","accb":"","glasses":""},"colors":{"#F9C19D":2,"#2C80CB":10,"#FCCB0A":23,"#B892C5":2,"#009296":0,"#D3CEC7":14,"#AE8682":3,"#FE9D1E":1,"#1C76D0":13,"#D9A404":17,"#D8AC00":11,"#A30708":5,"#D3CEC2":2,"#DA346E":0,"#A4C911":13,"#C78407":0,"#C0D3D2":7,"#4155B6":0,"#BA3B45":2,"#999999":0,"#CCBAD2":0,"#607E4B":0,"#E6D6BD":2,"#A7D6D6":0},"offsets":{"face":{"x":0,"y":0},"fronthair":{"x":0,"y":0},"rearhair":{"x":0,"y":0},"beard":{"x":0,"y":0},"ears":{"x":0,"y":0},"eyes":{"x":0,"y":0},"eyebrows":{"x":0,"y":0},"nose":{"x":0,"y":0},"mouth":{"x":0,"y":0},"facialmark":{"x":0,"y":0},"beastears":{"x":0,"y":0},"tail":{"x":0,"y":0},"wing":{"x":0,"y":0},"clothing":{"x":0,"y":0},"cloak":{"x":0,"y":0},"acca":{"x":0,"y":0},"accb":{"x":0,"y":0},"glasses":{"x":0,"y":0}}}