{"identity":"CharacterGeneratorSettings","version":"2.0.0","gender":"male","patterns":{"body":"p01","face":"p01","fronthair":"p05","rearhair":"p22","beard":"","ears":"p01","eyes":"p10","eyebrows":"p21","nose":"p01","mouth":"p22","facialmark":"p01","beastears":"","tail":"","wing":"","clothing":"p09","cloak":"","acca":"","accb":"","glasses":"p02"},"colors":{"#F9C19D":0,"#2C80CB":10,"#FCCB0A":23,"#B892C5":0,"#009296":0,"#D3CEC7":0,"#AE8682":0,"#FE9D1E":0,"#1C76D0":0,"#D9A404":0,"#D8AC00":0,"#A30708":0,"#D3CEC2":0,"#DA346E":0,"#A4C911":0,"#C78407":15,"#C0D3D2":0,"#4155B6":0,"#BA3B45":0,"#999999":0,"#CCBAD2":0,"#607E4B":0,"#E6D6BD":0,"#A7D6D6":0},"offsets":{"face":{"x":0,"y":0},"fronthair":{"x":0,"y":0},"rearhair":{"x":0,"y":0},"beard":{"x":0,"y":0},"ears":{"x":0,"y":0},"eyes":{"x":0,"y":0},"eyebrows":{"x":0,"y":0},"nose":{"x":0,"y":0},"mouth":{"x":0,"y":0},"facialmark":{"x":0,"y":0},"beastears":{"x":0,"y":0},"tail":{"x":0,"y":0},"wing":{"x":0,"y":0},"clothing":{"x":0,"y":0},"cloak":{"x":0,"y":0},"acca":{"x":0,"y":0},"accb":{"x":0,"y":0},"glasses":{"x":0,"y":0}}}